{"total_energy":112.59471527709947,"power_avg":0.7407547057703913,"duration":15.2}