{"total_energy":113.3399986800192,"power_avg":0.7407843050981647,"duration":15.3}