{"total_energy":115.1600395281313,"power_avg":0.7335034364849128,"duration":15.7}