{"total_energy":115.84696352653488,"power_avg":0.7473997646873218,"duration":15.5}