{"total_energy":113.40789951138478,"power_avg":0.7412281013815999,"duration":15.3}