{"total_energy":112.543230328369,"power_avg":0.7308001969374611,"duration":15.4}