{"total_energy":1079.5491156067847,"power_avg":7.656376706431097,"duration":141}