{"total_energy":115.6121927793025,"power_avg":0.7317227391095095,"duration":15.8}