{"total_energy":115.98712465162261,"power_avg":0.7435072093052731,"duration":15.6}