{"total_energy":115.50831046881655,"power_avg":0.7452149062504293,"duration":15.5}