{"total_energy":114.82129963355042,"power_avg":0.7554032870628318,"duration":15.2}