{"total_energy":116.53742385034543,"power_avg":0.7470347682714451,"duration":15.6}