{"total_energy":115.44860708560928,"power_avg":0.7353414464051546,"duration":15.7}