{"total_energy":118.19887261247614,"power_avg":0.7480941304587098,"duration":15.8}