{"total_energy":114.63980852293946,"power_avg":0.7542092665982859,"duration":15.2}