{"total_energy":115.1343986436842,"power_avg":0.7428025718947368,"duration":15.5}