{"total_energy":114.7676574537752,"power_avg":0.7501154081946092,"duration":15.3}