{"total_energy":114.02548136196118,"power_avg":0.7501676405392184,"duration":15.2}