{"total_energy":115.97707185926419,"power_avg":0.7482391732855754,"duration":15.5}