{"total_energy":115.43621598782524,"power_avg":0.7495858181027613,"duration":15.4}