{"total_energy":114.8775840052126,"power_avg":0.7508338823870104,"duration":15.3}