{"total_energy":112.23991203117357,"power_avg":0.7384204738892999,"duration":15.2}