{"total_energy":116.31643196749667,"power_avg":0.7456181536377992,"duration":15.6}