{"total_energy":115.37656955699904,"power_avg":0.7443649648838648,"duration":15.5}