{"total_energy":114.37479354333861,"power_avg":0.7379018938279911,"duration":15.5}