{"total_energy":114.84402175159435,"power_avg":0.7457404009843789,"duration":15.4}