{"total_energy":114.42424543147071,"power_avg":0.7527910883649389,"duration":15.2}