{"total_energy":113.81365990557651,"power_avg":0.7487740783261613,"duration":15.2}