{"total_energy":114.2328023110865,"power_avg":0.7466196229482778,"duration":15.3}