{"total_energy":116.2048643535612,"power_avg":0.7401583716787338,"duration":15.7}