{"total_energy":116.3321773119925,"power_avg":0.7505301762064032,"duration":15.5}