{"total_energy":114.93352106618869,"power_avg":0.7415065875237979,"duration":15.5}