{"total_energy":117.26908137931805,"power_avg":0.7469368240720895,"duration":15.7}