{"total_energy":115.07058463721255,"power_avg":0.7376319528026445,"duration":15.6}