{"total_energy":114.60505582761746,"power_avg":0.7539806304448518,"duration":15.2}