{"total_energy":115.4641106757162,"power_avg":0.7449297462949432,"duration":15.5}