{"total_energy":113.47459888343789,"power_avg":0.7416640449897901,"duration":15.3}