{"total_energy":114.6874734459398,"power_avg":0.754522851618025,"duration":15.2}