{"total_energy":113.62748956546768,"power_avg":0.733080577841727,"duration":15.5}