{"total_energy":114.8561283262728,"power_avg":0.7410072795243406,"duration":15.5}