{"total_energy":115.19705698776234,"power_avg":0.7384426729984765,"duration":15.6}