{"total_energy":114.90961073751431,"power_avg":0.7413523273388021,"duration":15.5}