{"total_energy":107.78408756017677,"power_avg":0.7282708618930863,"duration":14.8}