{"total_energy":117.0764629005907,"power_avg":0.7504901467986583,"duration":15.6}