{"total_energy":118.4382334457872,"power_avg":0.7496090724416912,"duration":15.8}