{"total_energy":112.98357416295985,"power_avg":0.7384547330912409,"duration":15.3}