{"total_energy":116.7323467733381,"power_avg":0.7531119146666974,"duration":15.5}