{"total_energy":115.67147010993936,"power_avg":0.746267549096383,"duration":15.5}